<?xml version="1.0" encoding="UTF-8"?>
<!DOCTYPE generatorConfiguration
        PUBLIC "-//mybatis.org//DTD MyBatis Generator Configuration 1.0//EN"
        "http://mybatis.org/dtd/mybatis-generator-config_1_0.dtd">
<generatorConfiguration>
    <classPathEntry
            location="C:/Users/Administrator/.m2/repository/mysql/mysql-connector-java/5.1.30/mysql-connector-java-5.1.30.jar"/>
    <context id="test" targetRuntime="MyBatis3">
        <plugin type="org.mybatis.generator.plugins.ToStringPlugin" />

        <commentGenerator>
            <!-- 这个元素用来去除指定生成的注释中是否包含生成的日期 false:表示保护 -->
            <!-- 如果生成日期，会造成即使修改一个字段，整个实体类所有属性都会发生变化，不利于版本控制，所以设置为true -->
            <property name="suppressDate" value="true"/>
            <!-- 是否去除自动生成的注释 true：是 ： false:否 -->
            <property name="suppressAllComments" value="false"/>
        </commentGenerator>
        <!--数据库链接URL，用户名、密码 -->
        <jdbcConnection driverClass="com.mysql.jdbc.Driver"
                        connectionURL="jdbc:mysql://localhost:3306/orange_module" userId="root" password="123456">
        </jdbcConnection>
        <javaTypeResolver>
            <!-- This property is used to specify whether MyBatis Generator should
                force the use of java.math.BigDecimal for DECIMAL and NUMERIC fields, -->
            <property name="forceBigDecimals" value="false"/>
        </javaTypeResolver>
        <!-- 生成模型的包名和位置 -->
        <javaModelGenerator targetPackage="cn.wsn331.om.model"
                            targetProject="src/main/java">
            <property name="enableSubPackages" value="true"/>
            <property name="trimStrings" value="true"/>
            <property name="rootClass" value="cn.wsn331.om.model.Entity"/>
        </javaModelGenerator>
        <!-- 生成映射文件的包名和位置 -->
        <sqlMapGenerator targetPackage="mapper"
                         targetProject="src/main/resources">
            <property name="enableSubPackages" value="true"/>
        </sqlMapGenerator>
        <!-- 生成DAO的包名和位置 -->
        <javaClientGenerator type="XMLMAPPER"
                             targetPackage="cn.wsn331.om.console.mapper"
                             implementationPackage="cn.wsn331.om.console.mapper" targetProject="src/main/java">
            <property name="enableSubPackages" value="true"/>
        </javaClientGenerator>

        <!-- 要生成哪些表 -->
        <!--<table tableName="t_user_login" domainObjectName="UserLogin" enableCountByExample="false" enableUpdateByExample="false"-->
               <!--enableDeleteByExample="false" enableSelectByExample="false" selectByExampleQueryId="false">-->
            <!--<property name="rootInterface" value="shit.ssm1.mybatis.BaseMapper&lt;UserLogin,Integer&gt;" />-->
            <!--<columnRenamingRule searchString="^C" replaceString=""/>-->
        <!--</table>-->


    </context>
</generatorConfiguration>